{
  "F1@5": 0.2284123848869061,
  "NDCG": 0.3998527526855469,
  "Documents_evaluated": 13666
}