{
  "F1@5": 0.2928157712486476,
  "NDCG": 0.5055572986602783,
  "Documents_evaluated": 13666
}