{
  "F1@5": 0.2427731055233038,
  "NDCG": 0.424471914768219,
  "Documents_evaluated": 13666
}