{
  "F1@5": 0.30712535911236094,
  "NDCG": 0.5331220030784607,
  "Documents_evaluated": 13666
}