{
  "F1@5": 0.3411472312929547,
  "NDCG": 0.5842218995094299,
  "Documents_evaluated": 13666
}