{
  "F1@5": 0.3126440870712727,
  "NDCG": 0.5414553880691528,
  "Documents_evaluated": 13666
}