{
  "F1@5": 0.279913447783672,
  "NDCG": 0.4816648066043854,
  "Documents_evaluated": 13666
}