{
  "F1@5": 0.2770752609348792,
  "NDCG": 0.4833497703075409,
  "Documents_evaluated": 13666
}