{
  "F1@5": 0.32341035772408105,
  "NDCG": 0.5531745553016663,
  "Documents_evaluated": 13666
}