{
  "F1@5": 0.18345411362907238,
  "NDCG": 0.3160521686077118,
  "Documents_evaluated": 13663
}