{
  "F1@5": 0.2919244059200634,
  "NDCG": 0.5023036003112793,
  "Documents_evaluated": 13666
}