{
  "F1@5": 0.30050059602076895,
  "NDCG": 0.5244076251983643,
  "Documents_evaluated": 13666
}