{
  "F1@5": 0.3091151537039646,
  "NDCG": 0.5325735807418823,
  "Documents_evaluated": 13666
}