{
  "F1@5": 0.22857324156595626,
  "NDCG": 0.4003951847553253,
  "Documents_evaluated": 13666
}