{
  "F1@5": 0.24711594098392334,
  "NDCG": 0.42518314719200134,
  "Documents_evaluated": 13663
}