{
  "F1@5": 0.31217332766605355,
  "NDCG": 0.5393404960632324,
  "Documents_evaluated": 13666
}