{
  "F1@5": 0.257007052795638,
  "NDCG": 0.4455050826072693,
  "Documents_evaluated": 13663
}