{
  "F1@5": 0.3227174569818145,
  "NDCG": 0.5510795712471008,
  "Documents_evaluated": 13666
}