{
  "F1@5": 0.2345022093176266,
  "NDCG": 0.405062735080719,
  "Documents_evaluated": 13663
}