{
  "F1@5": 0.18293112151056207,
  "NDCG": 0.31565675139427185,
  "Documents_evaluated": 13663
}