{
  "F1@5": 0.249141531775699,
  "NDCG": 0.43076997995376587,
  "Documents_evaluated": 13663
}