{
  "F1@5": 0.30029618074593506,
  "NDCG": 0.5143731236457825,
  "Documents_evaluated": 13666
}