{
  "F1@5": 0.2308675100722718,
  "NDCG": 0.39738669991493225,
  "Documents_evaluated": 13666
}