{
  "F1@5": 0.25188726952482576,
  "NDCG": 0.43639159202575684,
  "Documents_evaluated": 13666
}