{
  "F1@5": 0.2532602574202997,
  "NDCG": 0.4368463158607483,
  "Documents_evaluated": 13666
}