{
  "F1@5": 0.2967936940233045,
  "NDCG": 0.5103947520256042,
  "Documents_evaluated": 13666
}