{
  "F1@5": 0.24206001407076566,
  "NDCG": 0.42456626892089844,
  "Documents_evaluated": 13666
}