{
  "F1@5": 0.20806002424077355,
  "NDCG": 0.35963577032089233,
  "Documents_evaluated": 13663
}