{
  "F1@5": 0.32341035772408117,
  "NDCG": 0.553174614906311,
  "Documents_evaluated": 13666
}