{
  "F1@5": 0.18878142339176573,
  "NDCG": 0.3283921778202057,
  "Documents_evaluated": 13663
}