{
  "F1@5": 0.2576189047242006,
  "NDCG": 0.44667115807533264,
  "Documents_evaluated": 13663
}