{
  "F1@5": 0.2281272724104872,
  "NDCG": 0.4004518687725067,
  "Documents_evaluated": 13666
}