{
  "F1@5": 0.24223551449120742,
  "NDCG": 0.42519664764404297,
  "Documents_evaluated": 13666
}