{
  "F1@5": 0.27735404686582965,
  "NDCG": 0.4821363687515259,
  "Documents_evaluated": 13666
}