{
  "F1@5": 0.2985050515292342,
  "NDCG": 0.5204359292984009,
  "Documents_evaluated": 13666
}