{
  "F1@5": 0.21683076542104116,
  "NDCG": 0.36936891078948975,
  "Documents_evaluated": 13663
}