{
  "F1@5": 0.31000843739000494,
  "NDCG": 0.5391644835472107,
  "Documents_evaluated": 13666
}