{
  "F1@5": 0.21250214034013254,
  "NDCG": 0.36771050095558167,
  "Documents_evaluated": 13666
}