{
  "F1@5": 0.22812727241048716,
  "NDCG": 0.4004518687725067,
  "Documents_evaluated": 13666
}