{
  "F1@5": 0.20634413641310362,
  "NDCG": 0.3568843603134155,
  "Documents_evaluated": 13663
}