{
  "F1@5": 0.3312331922818338,
  "NDCG": 0.5676972270011902,
  "Documents_evaluated": 13666
}