{
  "F1@5": 0.3087016521832751,
  "NDCG": 0.5291910171508789,
  "Documents_evaluated": 13666
}