{
  "F1@5": 0.31735219412390464,
  "NDCG": 0.5458635091781616,
  "Documents_evaluated": 13666
}