{
  "F1@5": 0.29764722307832675,
  "NDCG": 0.5119595527648926,
  "Documents_evaluated": 13666
}