{
  "F1@5": 0.16619649169642825,
  "NDCG": 0.2891046404838562,
  "Documents_evaluated": 13663
}