{
  "F1@5": 0.20884060196448434,
  "NDCG": 0.3587395250797272,
  "Documents_evaluated": 13663
}