{
  "F1@5": 0.3337387936242825,
  "NDCG": 0.5725612044334412,
  "Documents_evaluated": 13666
}