{
  "F1@5": 0.2012510184223334,
  "NDCG": 0.3482344150543213,
  "Documents_evaluated": 13663
}