{
  "F1@5": 0.22084085603223777,
  "NDCG": 0.3759106695652008,
  "Documents_evaluated": 13666
}