{
  "F1@5": 0.32628884005214215,
  "NDCG": 0.5613782405853271,
  "Documents_evaluated": 13666
}