{
  "F1@5": 0.3312331922818338,
  "NDCG": 0.567697286605835,
  "Documents_evaluated": 13666
}