{
  "F1@5": 0.31871016659264445,
  "NDCG": 0.5462270975112915,
  "Documents_evaluated": 13666
}