{
  "F1@5": 0.3000163752519012,
  "NDCG": 0.5230636596679688,
  "Documents_evaluated": 13666
}