{
  "F1@5": 0.18182873153526505,
  "NDCG": 0.31484729051589966,
  "Documents_evaluated": 13666
}