{
  "F1@5": 0.29560205707272896,
  "NDCG": 0.5152263045310974,
  "Documents_evaluated": 13666
}