{
  "F1@5": 0.2862284173514246,
  "NDCG": 0.49284499883651733,
  "Documents_evaluated": 13666
}