{
  "F1@5": 0.3504003282474241,
  "NDCG": 0.6007896661758423,
  "Documents_evaluated": 13666
}