{
  "F1@5": 0.2427731055233038,
  "NDCG": 0.42448389530181885,
  "Documents_evaluated": 13666
}