{
  "F1@5": 0.25852880658051136,
  "NDCG": 0.4679797291755676,
  "Documents_evaluated": 471
}