{
  "F1@5": 0.3355481727574751,
  "NDCG": 0.8036699295043945,
  "Documents_evaluated": 43
}