{
  "F1@5": 0.2345541113836402,
  "NDCG": 0.34974637627601624,
  "Documents_evaluated": 1978
}