{
  "F1@5": 0.40878323464530364,
  "NDCG": 0.6571128964424133,
  "Documents_evaluated": 174
}