{
  "F1@5": 0.2536753843522875,
  "NDCG": 0.5150778889656067,
  "Documents_evaluated": 5032
}