{
  "F1@5": 0.23800559036922675,
  "NDCG": 0.46272218227386475,
  "Documents_evaluated": 275
}