{
  "F1@5": 0.29886601335403074,
  "NDCG": 0.5029391646385193,
  "Documents_evaluated": 972
}