{
  "F1@5": 0.25692137320044295,
  "NDCG": 0.6359255909919739,
  "Documents_evaluated": 43
}