{
  "F1@5": 0.23267834699523682,
  "NDCG": 0.34821265935897827,
  "Documents_evaluated": 1978
}