{
  "F1@5": 0.4099878091257402,
  "NDCG": 0.645139217376709,
  "Documents_evaluated": 174
}