{
  "F1@5": 0.28299490486990486,
  "NDCG": 0.5321702361106873,
  "Documents_evaluated": 592
}