{
  "F1@5": 0.23050180122907393,
  "NDCG": 0.46515947580337524,
  "Documents_evaluated": 275
}