{
  "F1@5": 0.24224806201550386,
  "NDCG": 0.6058480739593506,
  "Documents_evaluated": 43
}