{
  "F1@5": 0.29912701492676075,
  "NDCG": 0.505730152130127,
  "Documents_evaluated": 972
}