{
  "F1@5": 0.2834174459174459,
  "NDCG": 0.5341337323188782,
  "Documents_evaluated": 592
}