{
  "F1@5": 0.1901360868846418,
  "NDCG": 0.33942532539367676,
  "Documents_evaluated": 1038
}