{
  "F1@5": 0.1863642164942743,
  "NDCG": 0.3347458839416504,
  "Documents_evaluated": 1038
}