{
  "F1@5": 0.2662903302656019,
  "NDCG": 0.47288694977760315,
  "Documents_evaluated": 471
}