{
  "F1@5": 0.2781463917713634,
  "NDCG": 0.49367600679397583,
  "Documents_evaluated": 10071
}