{
  "F1@5": 0.25427795311491097,
  "NDCG": 0.5170031189918518,
  "Documents_evaluated": 5032
}