{
  "F1@5": 0.23492315765043037,
  "NDCG": 0.4542226195335388,
  "Documents_evaluated": 275
}