{
  "F1@5": 0.2702104097452935,
  "NDCG": 0.6343761682510376,
  "Documents_evaluated": 43
}