{
  "F1@5": 0.25520524466720246,
  "NDCG": 0.5152088403701782,
  "Documents_evaluated": 5032
}