{
  "F1@5": 0.2864283708033708,
  "NDCG": 0.5373872518539429,
  "Documents_evaluated": 592
}