{
  "F1@5": 0.2774357029173944,
  "NDCG": 0.49281182885169983,
  "Documents_evaluated": 10071
}