{
  "F1@5": 0.19184382038428283,
  "NDCG": 0.3421640992164612,
  "Documents_evaluated": 1038
}