{
  "F1@5": 0.1051992451992452,
  "NDCG": 0.19421064853668213,
  "Documents_evaluated": 275
}