{
  "F1@5": 0.011627906976744186,
  "NDCG": 0.010913458652794361,
  "Documents_evaluated": 43
}