{
  "F1@5": 0.143860732420421,
  "NDCG": 0.2943803668022156,
  "Documents_evaluated": 5032
}