{
  "F1@5": 0.12138031632251284,
  "NDCG": 0.19896620512008667,
  "Documents_evaluated": 1038
}