{
  "F1@5": 0.13440034712761986,
  "NDCG": 0.25471124053001404,
  "Documents_evaluated": 275
}