{
  "F1@5": 0.12136469948969948,
  "NDCG": 0.22515332698822021,
  "Documents_evaluated": 592
}