{
  "F1@5": 0.007751937984496124,
  "NDCG": 0.023255813866853714,
  "Documents_evaluated": 43
}