{
  "F1@5": 0.1312401739674467,
  "NDCG": 0.25541937351226807,
  "Documents_evaluated": 275
}