{
  "F1@5": 0.10646848566957484,
  "NDCG": 0.19365687668323517,
  "Documents_evaluated": 10071
}