{
  "F1@5": 0.12409397712040143,
  "NDCG": 0.24468906223773956,
  "Documents_evaluated": 5032
}