{
  "F1@5": 0.07501865950141813,
  "NDCG": 0.11541379988193512,
  "Documents_evaluated": 174
}