{
  "F1@5": 0.21053470640992197,
  "NDCG": 0.3203836977481842,
  "Documents_evaluated": 1978
}