{
  "F1@5": 0.0953517348421807,
  "NDCG": 0.1704137623310089,
  "Documents_evaluated": 471
}