{
  "F1@5": 0.17297987283536415,
  "NDCG": 0.3044777512550354,
  "Documents_evaluated": 1038
}