{
  "F1@5": 0.15766043512957092,
  "NDCG": 0.26696786284446716,
  "Documents_evaluated": 972
}