{
  "F1@5": 0.1439298300998128,
  "NDCG": 0.2935875356197357,
  "Documents_evaluated": 5032
}