{
  "F1@5": 0.12069840819840819,
  "NDCG": 0.22437191009521484,
  "Documents_evaluated": 592
}