{
  "F1@5": 0.13474787554762138,
  "NDCG": 0.24246366322040558,
  "Documents_evaluated": 972
}