{
  "F1@5": 0.0327677431125707,
  "NDCG": 0.06741003692150116,
  "Documents_evaluated": 174
}