{
  "F1@5": 0.0937400096855343,
  "NDCG": 0.14941437542438507,
  "Documents_evaluated": 1978
}