{
  "F1@5": 0.14420109732609732,
  "NDCG": 0.27445554733276367,
  "Documents_evaluated": 592
}