{
  "F1@5": 0.1733979255541306,
  "NDCG": 0.3172658681869507,
  "Documents_evaluated": 10071
}