{
  "F1@5": 0.1609646261763159,
  "NDCG": 0.30374544858932495,
  "Documents_evaluated": 471
}