{
  "F1@5": 0.1748064930145855,
  "NDCG": 0.30501940846443176,
  "Documents_evaluated": 1038
}