{
  "F1@5": 0.30794446717210217,
  "NDCG": 0.6051421761512756,
  "Documents_evaluated": 6980
}