{
  "F1@5": 0.22701677078848123,
  "NDCG": 0.44818419218063354,
  "Documents_evaluated": 6980
}