{
  "F1@5": 0.3009468983561025,
  "NDCG": 0.5936053395271301,
  "Documents_evaluated": 6980
}