{
  "F1@5": 0.2716773935851651,
  "NDCG": 0.5365021824836731,
  "Documents_evaluated": 6980
}