{
  "F1@5": 0.2856019627749879,
  "NDCG": 0.564850926399231,
  "Documents_evaluated": 6980
}