{
  "F1@5": 0.15367927907130202,
  "NDCG": 0.3102240264415741,
  "Documents_evaluated": 6980
}