{
  "F1@5": 0.25845161571016956,
  "NDCG": 0.5109207034111023,
  "Documents_evaluated": 6980
}