{
  "F1@5": 0.2076440536878019,
  "NDCG": 0.4149002730846405,
  "Documents_evaluated": 6980
}