{
  "F1@5": 0.2837211076384021,
  "NDCG": 0.5637639760971069,
  "Documents_evaluated": 6980
}