{
  "F1@5": 0.27624148907163404,
  "NDCG": 0.5481456518173218,
  "Documents_evaluated": 6980
}