{
  "F1@5": 0.22772744065029724,
  "NDCG": 0.4485858380794525,
  "Documents_evaluated": 6980
}