{
  "F1@5": 0.19052761740511376,
  "NDCG": 0.37563228607177734,
  "Documents_evaluated": 6980
}