{
  "F1@5": 0.2933511007835441,
  "NDCG": 0.5807424187660217,
  "Documents_evaluated": 6980
}