{
  "F1@5": 0.1985010902360992,
  "NDCG": 0.3905252516269684,
  "Documents_evaluated": 6980
}