{
  "F1@5": 0.28561499824879366,
  "NDCG": 0.5655795931816101,
  "Documents_evaluated": 6980
}