{
  "F1@5": 0.23093572992142386,
  "NDCG": 0.457884281873703,
  "Documents_evaluated": 6980
}