{
  "F1@5": 0.2684152862662989,
  "NDCG": 0.5336945652961731,
  "Documents_evaluated": 6980
}