{
  "F1@5": 0.15321812847404828,
  "NDCG": 0.3081950843334198,
  "Documents_evaluated": 6980
}