{
  "F1@5": 0.17001674194332816,
  "NDCG": 0.33066287636756897,
  "Documents_evaluated": 6980
}