{
  "F1@5": 0.2552330461789626,
  "NDCG": 0.5051608681678772,
  "Documents_evaluated": 6980
}