{
  "F1@5": 0.24717814740056812,
  "NDCG": 0.4915849566459656,
  "Documents_evaluated": 6980
}