{
  "F1@5": 0.2399133624258664,
  "NDCG": 0.4843500852584839,
  "Documents_evaluated": 6980
}