{
  "F1@5": 0.29401247498718186,
  "NDCG": 0.5780197381973267,
  "Documents_evaluated": 6980
}