{
  "F1@5": 0.24877988241668036,
  "NDCG": 0.4952009916305542,
  "Documents_evaluated": 6980
}