{
  "F1@5": 0.2896835782813258,
  "NDCG": 0.5708774924278259,
  "Documents_evaluated": 6980
}