{
  "F1@5": 0.21526979871234414,
  "NDCG": 0.42933234572410583,
  "Documents_evaluated": 6980
}