{
  "F1@5": 0.3208750607422011,
  "NDCG": 0.6170544624328613,
  "Documents_evaluated": 6980
}