{
  "F1@5": 0.22310342052842613,
  "NDCG": 0.44136106967926025,
  "Documents_evaluated": 6980
}