{
  "F1@5": 0.152799549520369,
  "NDCG": 0.3038569390773773,
  "Documents_evaluated": 6980
}