{
  "F1@5": 0.289056280219066,
  "NDCG": 0.5684015154838562,
  "Documents_evaluated": 6980
}