{
  "F1@5": 0.26692148426516504,
  "NDCG": 0.5296012163162231,
  "Documents_evaluated": 6980
}