{
  "F1@5": 0.2528642655080269,
  "NDCG": 0.5057684183120728,
  "Documents_evaluated": 6980
}