{
  "F1@5": 0.1849087527080003,
  "NDCG": 0.3641076982021332,
  "Documents_evaluated": 6980
}