{
  "F1@5": 0.21603562470831272,
  "NDCG": 0.42909887433052063,
  "Documents_evaluated": 6980
}