{
  "F1@5": 0.2694995239801928,
  "NDCG": 0.5331027507781982,
  "Documents_evaluated": 6980
}