{
  "F1@5": 0.2760938922025219,
  "NDCG": 0.5419363379478455,
  "Documents_evaluated": 6980
}