{
  "F1@5": 0.2933511007835441,
  "NDCG": 0.5807424783706665,
  "Documents_evaluated": 6980
}