{
  "F1@5": 0.2585105334116579,
  "NDCG": 0.5141348838806152,
  "Documents_evaluated": 6980
}