{
  "F1@5": 0.13838967126413376,
  "NDCG": 0.2825489044189453,
  "Documents_evaluated": 6980
}