{
  "F1@5": 0.20868128253663532,
  "NDCG": 0.41565850377082825,
  "Documents_evaluated": 6980
}