{
  "F1@5": 0.20115342400141356,
  "NDCG": 0.3970377743244171,
  "Documents_evaluated": 6980
}