{
  "F1@5": 0.21519653781621723,
  "NDCG": 0.42914220690727234,
  "Documents_evaluated": 6980
}