{
  "F1@5": 0.3467215430190306,
  "NDCG": 0.6660844683647156,
  "Documents_evaluated": 6980
}