{
  "F1@5": 0.2624605550273523,
  "NDCG": 0.5232763290405273,
  "Documents_evaluated": 6980
}