{
  "F1@5": 0.1967522512845382,
  "NDCG": 0.386237770318985,
  "Documents_evaluated": 6980
}