{
  "F1@5": 0.19436270730163974,
  "NDCG": 0.38204091787338257,
  "Documents_evaluated": 6980
}