{
  "F1@5": 0.2820895765152563,
  "NDCG": 0.5556725859642029,
  "Documents_evaluated": 6980
}