{
  "F1@5": 0.18927743000739328,
  "NDCG": 0.3737705647945404,
  "Documents_evaluated": 6980
}