{
  "F1@5": 0.23059438124070217,
  "NDCG": 0.4562493562698364,
  "Documents_evaluated": 6980
}