{
  "F1@5": 0.28106678121651524,
  "NDCG": 0.5580981373786926,
  "Documents_evaluated": 6980
}