{
  "F1@5": 0.20868128253663534,
  "NDCG": 0.41565611958503723,
  "Documents_evaluated": 6980
}