{
  "F1@5": 0.20853784669835707,
  "NDCG": 0.4139801561832428,
  "Documents_evaluated": 6980
}