{
  "F1@5": 0.23310756795286075,
  "NDCG": 0.46228986978530884,
  "Documents_evaluated": 6980
}