{
  "F1@5": 0.27750561377528105,
  "NDCG": 0.5465580224990845,
  "Documents_evaluated": 6980
}