{
  "F1@5": 0.19736083975269414,
  "NDCG": 0.3888256251811981,
  "Documents_evaluated": 6980
}