{
  "F1@5": 0.1715321449256005,
  "NDCG": 0.33931899070739746,
  "Documents_evaluated": 6980
}